artist_name,artist_role,artist_id,nationality,gender,birth_year,birth_place,death_year,death_place,wiki,ulan
A Marsingall,artist, , , , , , , , , 
A. Gosset James,artist, , , , , , , , , 
A.H. Gerrard,artist, , , , , , , , , 
A.R. Middleton Todd,artist, , , , , , , , , 
Abigail Lane,artist, , , , , , , , , 
Abraham Mintchine,artist, , , , , , , , , 
Abrasha Lozoff,artist, , , , , , , , , 
Adam Dant,artist, , , , , , , , , 
Adam de Colone,artist, , , , , , , , , 
Adolf Dehn,artist, , , , , , , , , 
Adolf Frohner,artist, , , , , , , , , 
Adolfine Ryland,artist, , , , , , , , , 
Adrian Allinson,artist, , , , , , , , , 
Adrian Berg,artist, , , , , , , , , 
Adrian Ryan,artist, , , , , , , , , 
Agostino Brunias,artist, , , , , , , , , 
Alan Beeton,artist, , , , , , , , , 
Alan Bridgewater,artist, , , , , , , , , 
Alan Gouk,artist, , , , , , , , , 
Alan Michael,artist, , , , , , , , , 
Alastair Morton,artist, , , , , , , , , 
Albert Marquet,artist, , , , , , , , , 
Albert Oehlen,artist, , , , , , , , , 
Albert Toft,artist, , , , , , , , , 
Alberto Burri,artist, , , , , , , , , 
Albertus Seba,artist, , , , , , , , , 
Alejandro Otero,artist, , , , , , , , , 
Aleksander Zyw,artist, , , , , , , , , 
Aleksandra Mir,artist, , , , , , , , , 
Alex Mackay,artist, , , , , , , , , 
Alex Packham,artist, , , , , , , , , 
Alexander Apóstol,artist, , , , , , , , , 
Alexander Archipenko,artist, , , , , , , , , 
Alexander Benois,artist, , , , , , , , , 
Alexander Hollweg,artist, , , , , , , , , 
Alexander J. Leslie,artist, , , , , , , , , 
Alexander Jamieson,artist, , , , , , , , , 
Alexander Keirincx,artist, , , , , , , , , 
Alexander Liberman,artist, , , , , , , , , 
Alexander Mackenzie,artist, , , , , , , , , 
Alexander Young Jackson,artist, , , , , , , , , 
Alfred Clint,artist, , , , , , , , , 
Alfred Drury,artist, , , , , , , , , 
Alfred Elmore,artist, , , , , , , , , 
Alfred Glendening,artist, , , , , , , , , 
Alfred J. Oakley,artist, , , , , , , , , 
Alfred Law,artist, , , , , , , , , 
Alfred Parsons,artist, , , , , , , , , 
Alfred R. Thomson,artist, , , , , , , , , 
Alfred Thornton,artist, , , , , , , , , 
Alfredo Chighine,artist, , , , , , , , , 
Alfredo Jaar,artist, , , , , , , , , 
Algernon Talmage,artist, , , , , , , , , 
Alighiero Boetti,artist, , , , , , , , , 
Alina Szapocznikow,artist, , , , , , , , , 
Alison Turnbull,artist, , , , , , , , , 
Alistair Park,artist, , , , , , , , , 
Allen Ruppersberg,artist, , , , , , , , , 
Amy Sillman,artist, , , , , , , , , 
Amédée Ozenfant,artist, , , , , , , , , 
Andrea Soldi,artist, , , , , , , , , 
Andrea Zittel,artist, , , , , , , , , 
Andrew Brown Donaldson,artist, , , , , , , , , 
Andrew Forge,artist, , , , , , , , , 
Andrew Herman,artist, , , , , , , , , 
André Cadere,artist, , , , , , , , , 
André Komatsu,artist, , , , , , , , , 
André Lhote,artist, , , , , , , , , 
André Minaux,artist, , , , , , , , , 
André Thomkins,artist, , , , , , , , , 
André Verlon,artist, , , , , , , , , 
Angela Burt (née Dallas),artist, , , , , , , , , 
Ann Hamilton,artist, , , , , , , , , 
Ann Mary Newton,artist, , , , , , , , , 
Ann Sanders,artist, , , , , , , , , 
Ann Travis,artist, , , , , , , , , 
Anna Barham,artist, , , , , , , , , 
Anna Hope Hudson,artist, , , , , , , , , 
Anna Lea Merritt,artist, , , , , , , , , 
Anne Collier,artist, , , , , , , , , 
Anne Martin,artist, , , , , , , , , 
Anne Said,artist, , , , , , , , , 
Anne Seymour Damer,attributed to, , , , , , , , , 
Anne and Patrick Poirier,artist, , , , , , , , , 
Annette Messager,artist, , , , , , , , , 
Anthea Alley,artist, , , , , , , , , 
Anthea Hamilton,artist, , , , , , , , , 
Anthony Earnshaw,artist, , , , , , , , , 
Anthony Walker,artist, , , , , , , , , 
Anthony Whishaw,artist, , , , , , , , , 
Antoine Bourdelle,artist, , , , , , , , , 
Antoine Villard,artist, , , , , , , , , 
Antoine Vollon,artist, , , , , , , , , 
Anton Vidokle,artist, , , , , , , , , 
Antoni Clavé,artist, , , , , , , , , 
Antoni Malinowski,artist, , , , , , , , , 
Antoni Muntadas,artist, , , , , , , , , 
Antonio Caro,artist, , , , , , , , , 
Antonio Verrio,artist, , , , , , , , , 
Apichatpong Weerasethakul,artist, , , , , , , , , 
Armand Charnay,artist, , , , , , , , , 
Armand Guillaumin,artist, , , , , , , , , 
Arnold Mason,artist, , , , , , , , , 
Arpad Illes,artist, , , , , , , , , 
Arshile Gorky,artist, , , , , , , , , 
Arthur Douglas Peppercorn,artist, , , , , , , , , 
Arthur Friedenson,artist, , , , , , , , , 
Arthur G Walker,artist, , , , , , , , , 
Arthur Giardelli,artist, , , , , , , , , 
Arthur Hacker,artist, , , , , , , , , 
Arthur Jackson,artist, , , , , , , , , 
Arthur John Strutt,attributed to, , , , , , , , , 
Arthur Rackham,artist, , , , , , , , , 
Arthur Segal,artist, , , , , , , , , 
Arthur Wardle,artist, , , , , , , , , 
Artur Zmijewski,artist, , , , , , , , , 
Arturo Martini,artist, , , , , , , , , 
Astrid Klein,artist, , , , , , , , , 
Audrey Capel Doray,artist, , , , , , , , , 
Auguste Herbin,artist, , , , , , , , , 
Augustus Saint-Gaudens,artist, , , , , , , , , 
Austin Wright,artist, , , , , , , , , 
Avinash Chandra,artist, , , , , , , , , 
Axel Amuchastegui,artist, , , , , , , , , 
Ayman Baalbaki,artist, , , , , , , , , 
B.A.R. Carter,artist, , , , , , , , , 
Balthasar Denner,artist, , , , , , , , , 
Balthazar Anton Dunker,artist, , , , , , , , , 
Balthazar Nebot,artist, , , , , , , , , 
Barbara Kruger,artist, , , , , , , , , 
Barrie Cook,artist, , , , , , , , , 
Bart Boumans,artist, , , , , , , , , 
Beatrice How,artist, , , , , , , , , 
Bela Kolárová,artist, , , , , , , , , 
Ben Johnson,artist, , , , , , , , , 
Ben Shahn,artist, , , , , , , , , 
Benedetto Gennari,artist, , , , , , , , , 
Benedict Anthony Van Assen,attributed to, , , , , , , , , 
Bengt Lindström,artist, , , , , , , , , 
Benjamin Blake,artist, , , , , , , , , 
Benjamin Ferrers,artist, , , , , , , , , 
Benjamin Williams Leader,artist, , , , , , , , , 
Bernard Adeney,artist, , , , , , , , , 
Bernard Cheese,artist, , , , , , , , , 
Bernard Frize,artist, , , , , , , , , 
Bernard Perlin,artist, , , , , , , , , 
Bernard Reder,artist, , , , , , , , , 
Bernard Sickert,artist, , , , , , , , , 
Bernard Slawik,artist, , , , , , , , , 
Bernhard Heiliger,artist, , , , , , , , , 
Berthe Morisot,artist, , , , , , , , , 
Bertram Binning,artist, , , , , , , , , 
Bharti Kher,artist, , , , , , , , , 
Bhupen Khakhar,artist, , , , , , , , , 
Bill Beckley,artist, , , , , , , , , 
Bill Jensen,artist, , , , , , , , , 
Blair Hughes-Stanton,artist, , , , , , , , , 
Boris Jesih,artist, , , , , , , , , 
Bram van Velde,artist, , , , , , , , , 
Breda Beban,artist, , , , , , , , , 
Brian Fielding,artist, , , , , , , , , 
Brian Fisher,artist, , , , , , , , , 
Brian Robb,artist, , , , , , , , , 
Brian Wall,artist, , , , , , , , , 
Bruce Turner,artist, , , , , , , , , 
Bruno Serralongue,artist, , , , , , , , , 
Bryan Pearce,artist, , , , , , , , , 
Cai Guo-Qiang,artist, , , , , , , , , 
Camille Graeser,artist, , , , , , , , , 
Campbell Scott,artist, , , , , , , , , 
Caragh Thuring,artist, , , , , , , , , 
Carl Frederik Reuterswärd,artist, , , , , , , , , 
Carlile Henry Hayes Macartney,artist, , , , , , , , , 
Carlo Maria Mariani,artist, , , , , , , , , 
Carlos Amorales,artist, , , , , , , , , 
Carmen Herrera,artist, , , , , , , , , 
Carol Summers,artist, , , , , , , , , 
Carolee Schneemann,artist, , , , , , , , , 
Carsten Höller,artist, , , , , , , , , 
Carton Moore Park,artist, , , , , , , , , 
Catherine Dean,artist, , , , , , , , , 
Catherine Lee,artist, , , , , , , , , 
Catherine Sullivan,artist, , , , , , , , , 
Cathy Wilkes,artist, , , , , , , , , 
Cecily Brown,artist, , , , , , , , , 
Charles Atlas,artist, , , , , , , , , 
Charles Avery,artist, , , , , , , , , 
Charles Biederman,artist, , , , , , , , , 
Charles Bunbury,attributed to, , , , , , , , , 
Charles Burchfield,artist, , , , , , , , , 
Charles Calvert,artist, , , , , , , , , 
Charles Collins,artist, , , , , , , , , 
Charles Despiau,artist, , , , , , , , , 
Charles Dufresne,artist, , , , , , , , , 
Charles Edward Holloway,artist, , , , , , , , , 
Charles Edward Johnson,artist, , , , , , , , , 
Charles Gill,artist, , , , , , , , , 
Charles Gore,attributed to, , , , , , , , , 
Charles Hancock,artist, , , , , , , , , 
Charles Hardaker,artist, , , , , , , , , 
Charles Henry Blaymires,artist, , , , , , , , , 
Charles Hullmandel,artist, , , , , , , , , 
Charles Keeping,artist, , , , , , , , , 
Charles Kirkpatrick Sharpe,artist, , , , , , , , , 
Charles Long,artist, , , , , , , , , 
Charles Maundrell,artist, , , , , , , , , 
Charles Parsons Knight,artist, , , , , , , , , 
Charles Rennie Mackintosh,artist, , , , , , , , , 
Charles Sargeant Jagger,artist, , , , , , , , , 
Charles Vacher,artist, , , , , , , , , 
Charles Web Gilbert,artist, , , , , , , , , 
Charles William Wyllie,artist, , , , , , , , , 
Chloe Cheese,artist, , , , , , , , , 
Chris Orr,artist, , , , , , , , , 
Chris Plowman,artist, , , , , , , , , 
Christian Boltanski,artist, , , , , , , , , 
Christian Dotremont,artist, , , , , , , , , 
Christian Jankowski,artist, , , , , , , , , 
Christian Marclay,artist, , , , , , , , , 
Christian Wolff,artist, , , , , , , , , 
Christine Borland,artist, , , , , , , , , 
Christopher Chamberlain,artist, , , , , , , , , 
Chryssa Vardea,artist, , , , , , , , , 
Chuck Close,artist, , , , , , , , , 
Claire Falkenstein,artist, , , , , , , , , 
Clara Klinghoffer,artist, , , , , , , , , 
Clara Wheatley,artist, , , , , , , , , 
Clare Atwood,artist, , , , , , , , , 
Clarke Hutton,artist, , , , , , , , , 
Claude Bellegarde,artist, , , , , , , , , 
Claude Breeze,artist, , , , , , , , , 
Claude Calthrop,artist, , , , , , , , , 
Claude Muncaster,artist, , , , , , , , , 
Claude Venard,artist, , , , , , , , , 
Clemens von Wedemeyer,artist, , , , , , , , , 
Cliff Holden,artist, , , , , , , , , 
Cliff Rowe,artist, , , , , , , , , 
Clive Gardiner,artist, , , , , , , , , 
Clunie Reid,artist, , , , , , , , , 
Clyfford Still,artist, , , , , , , , , 
Colin Gill,artist, , , , , , , , , 
Colin Hunter,artist, , , , , , , , , 
Colin Morison,artist, , , , , , , , , 
Conrad Dressler,artist, , , , , , , , , 
Constant Permeke,artist, , , , , , , , , 
Count Albert De Belleroche,artist, , , , , , , , , 
Craig Kauffman,artist, , , , , , , , , 
Craig Wood,artist, , , , , , , , , 
Cuthbert Hamilton,artist, , , , , , , , , 
Céline Emilian,artist, , , , , , , , , 
D. Skeaf,artist, , , , , , , , , 
Dan Graham,artist, , , , , , , , , 
Dan Hays,artist, , , , , , , , , 
Dan Holdsworth,artist, , , , , , , , , 
Daniel Mytens,artist, , , , , , , , , 
Daniel Stringer,artist, , , , , , , , , 
Dario Mitidieri,artist, , , , , , , , , 
Darren Almond,artist, , , , , , , , , 
Darsie Japp,artist, , , , , , , , , 
David Allan,artist, , , , , , , , , 
David B. McFall,artist, , , , , , , , , 
David Des Granges,artist, , , , , , , , , 
David Gascoyne,artist, , , , , , , , , 
David Hall,artist, , , , , , , , , 
David Hammons,artist, , , , , , , , , 
David Hepher,artist, , , , , , , , , 
David Maljkovic,artist, , , , , , , , , 
David Medalla,artist, , , , , , , , , 
David Osbaldeston,artist, , , , , , , , , 
David Partridge,artist, , , , , , , , , 
David Rayson,artist, , , , , , , , , 
David Saunders,artist, , , , , , , , , 
David Scott,artist, , , , , , , , , 
David Troostwyk,artist, , , , , , , , , 
David Wynne,artist, , , , , , , , , 
Dee Ferris,artist, , , , , , , , , 
Dee Villers,artist, , , , , , , , , 
Denis Langlois,artist, , , , , , , , , 
Denis Masi,artist, , , , , , , , , 
Denis Mathews,artist, , , , , , , , , 
Denton Welch,artist, , , , , , , , , 
Derek Jarman,artist, , , , , , , , , 
Derek Southall,artist, , , , , , , , , 
Derrick Woodham,artist, , , , , , , , , 
Desmond Morris,artist, , , , , , , , , 
Dhruva Mistry,artist, , , , , , , , , 
Diane Andrews Hall born 1945 T R Uthco (Doug Hall born 1944,artist, , , , , , , , , 
Dmitri Tsapline,artist, , , , , , , , , 
Dominic Denis,artist, , , , , , , , , 
Dominic Serres,artist, , , , , , , , , 
Don Kunkel,artist, , , , , , , , , 
Donald Maclaren,artist, , , , , , , , , 
Donato Cinicolo,artist, , , , , , , , , 
Dorothea Lange,artist, , , , , , , , , 
Dorothy Bohm,artist, , , , , , , , , 
Dorothy Cross,artist, , , , , , , , , 
Dorothy Mead,artist, , , , , , , , , 
Douglas Corker,artist, , , , , , , , , 
Douglas Percy Bliss,artist, , , , , , , , , 
Douglas Portway,artist, , , , , , , , , 
Douglas S. Gray,artist, , , , , , , , , 
Dr Richard Hook,attributed to, , , , , , , , , 
Duncan Campbell,artist, , , , , , , , , 
Dusan Dzamonja,artist, , , , , , , , , 
E. Box,artist, , , , , , , , , 
E. Masters,artist, , , , , , , , , 
E.Q. Nicholson,artist, , , , , , , , , 
Ebenezer Newman Downard,artist, , , , , , , , , 
Ed Atkins,artist, , , , , , , , , 
Ed Meneeley,artist, , , , , , , , , 
Ed Perera,artist, , , , , , , , , 
Edgar Bundy,artist, , , , , , , , , 
Edgar Hubert,artist, , , , , , , , , 
Edgar Rowley Smart,artist, , , , , , , , , 
Edith Maud Rawdon-Hasting Loudoun,artist, , , , , , , , , 
Edmund J. Sullivan,artist, , , , , , , , , 
Edo Murtic,artist, , , , , , , , , 
Edouard Manet,artist, , , , , , , , , 
Eduardo Chillida,artist, , , , , , , , , 
Edvard Munch,artist, , , , , , , , , 
Edward Angelo Goodall,artist, , , , , , , , , 
Edward Armitage,artist, , , , , , , , , 
Edward Arthur Walton,artist, , , , , , , , , 
Edward Atkinson Hornel,artist, , , , , , , , , 
Edward Bird,artist, , , , , , , , , 
Edward Bower,artist, , , , , , , , , 
Edward Buk Ulreich,artist, , , , , , , , , 
Edward Dalziel,artist, , , , , , , , , 
Edward Giobbi,artist, , , , , , , , , 
Edward Halliday,artist, , , , , , , , , 
Edward John Gregory,artist, , , , , , , , , 
Edward Reginald Frampton,artist, , , , , , , , , 
Edward Ripley,artist, , , , , , , , , 
Edward Stott,artist, , , , , , , , , 
Edward Thompson Davis,artist, , , , , , , , , 
Edward Toledano,artist, , , , , , , , , 
Edward Villiers Rippingille,artist, , , , , , , , , 
Edward Wright,artist, , , , , , , , , 
Edwin Alexander,artist, , , , , , , , , 
Edwin Douglas,artist, , , , , , , , , 
Edwin Edwards,artist, , , , , , , , , 
Edwin Hayes,artist, , , , , , , , , 
Edwin La Dell,artist, , , , , , , , , 
Edwin Whitney-Smith,artist, , , , , , , , , 
Egbert Van Heemskerk,artist, , , , , , , , , 
Egide Rombaux,artist, , , , , , , , , 
Eija-Liisa Ahtila,artist, , , , , , , , , 
Eileen Lawrence,artist, , , , , , , , , 
Eleanor Koch,artist, , , , , , , , , 
Elinor Bellingham-Smith,artist, , , , , , , , , 
Elizabeth Butler,artist, , , , , , , , , 
Elizabeth Forbes,artist, , , , , , , , , 
Elizabeth Leveson-Gower Sutherland,artist, , , , , , , , , 
Elizabeth Sorrell,artist, , , , , , , , , 
Ellen Cantor,artist, , , , , , , , , 
Elliot Erwitt,artist, , , , , , , , , 
Elsa Fraenkel,artist, , , , , , , , , 
Else Meidner,artist, , , , , , , , , 
Emil Fuchs,artist, , , , , , , , , 
Emil Nolde,artist, , , , , , , , , 
Emile Gilioli,artist, , , , , , , , , 
Emilio Vedova,artist, , , , , , , , , 
Emily Osborn,artist, , , , , , , , , 
Emily Wardill,artist, , , , , , , , , 
Emma Ciardi,artist, , , , , , , , , 
Emre Huner,artist, , , , , , , , , 
Enid Marx,artist, , , , , , , , , 
Enrique Grau,artist, , , , , , , , , 
Enzo Cucchi,artist, , , , , , , , , 
Erdag Aksel,artist, , , , , , , , , 
Eric Forbes-Robertson,artist, , , , , , , , , 
Eric Malthouse,artist, , , , , , , , , 
Eric Olson,artist, , , , , , , , , 
Erich Consemüller,artist, , , , , , , , , 
Erich Kahn,artist, , , , , , , , , 
Erik Dietman,artist, , , , , , , , , 
Ernest Briggs,artist, , , , , , , , , 
Ernest Leopold Sichel,artist, , , , , , , , , 
Ernest M. Dinkel,artist, , , , , , , , , 
Ernest Parton,artist, , , , , , , , , 
Ernest Procter,artist, , , , , , , , , 
Ernesto Neto,artist, , , , , , , , , 
Ernesto Salmeron,artist, , , , , , , , , 
Ernst Barlach,artist, , , , , , , , , 
Ernst Ludwig Kirchner,artist, , , , , , , , , 
Ernst Nay,artist, , , , , , , , , 
Ernst Van Leyden,artist, , , , , , , , , 
Eugène Berman,artist, , , , , , , , , 
Evan Charlton,artist, , , , , , , , , 
Eve Kirk,artist, , , , , , , , , 
Evelyn Cheston,artist, , , , , , , , , 
Evelyn Ince,artist, , , , , , , , , 
Evert Lundquist,artist, , , , , , , , , 
Eyre Crowe,artist, , , , , , , , , 
F.C. Turner,after, , , , , , , , , 
Fausto Pirandello,artist, , , , , , , , , 
Fei Cao,artist, , , , , , , , , 
Felicia Leirner,artist, , , , , , , , , 
Felix Kelly,artist, , , , , , , , , 
Feodora Gleichen,artist, , , , , , , , , 
Ferdinand Kulmer,artist, , , , , , , , , 
Fernando Bryce,artist, , , , , , , , , 
Fiona Crisp,artist, , , , , , , , , 
Fiona Tan,artist, , , , , , , , , 
Fionnuala and Leslie Boyd and Evans,artist, , , , , , , , , 
Flora Lion,artist, , , , , , , , , 
Florence Engelbach,artist, , , , , , , , , 
Florian Pumhösl,artist, , , , , , , , , 
Francesco Bartolozzi,attributed to, , , , , , , , , 
Francesco Sleter,artist, , , , , , , , , 
Francesco Zuccarelli,artist, , , , , , , , , 
Francis Cleyn,artist, , , , , , , , , 
Francis Davis Millet,artist, , , , , , , , , 
Francis Davison,artist, , , , , , , , , 
Francis Gruber,artist, , , , , , , , , 
Francis Holman,artist, , , , , , , , , 
Francis Kelly,artist, , , , , , , , , 
Francis Merivale,attributed to, , , , , , , , , 
Francis Sartorius,artist, , , , , , , , , 
Francis Upritchard,artist, , , , , , , , , 
Francis W. Sargant,artist, , , , , , , , , 
Francisco Farreras,artist, , , , , , , , , 
Francisco Sobrino,artist, , , , , , , , , 
Frank Craig,artist, , , , , , , , , 
Frank Dadd,artist, , , , , , , , , 
Frank L. Emanuel,artist, , , , , , , , , 
Frank Nitsche,artist, , , , , , , , , 
Frano Krsinic,artist, , , , , , , , , 
Frantisek Kupka,artist, , , , , , , , , 
František Drtikol,artist, , , , , , , , , 
Franz Kaisermann,artist, , , , , , , , , 
Franz Kline,artist, , , , , , , , , 
Franz West,artist, , , , , , , , , 
François Desnoyer,artist, , , , , , , , , 
François Morellet,artist, , , , , , , , , 
François Stahly,artist, , , , , , , , , 
Fred Appleyard,artist, , , , , , , , , 
Fred Cecil Jones,artist, , , , , , , , , 
Fred Mayor,artist, , , , , , , , , 
Frederick Brill,artist, , , , , , , , , 
Frederick Cayley Robinson,artist, , , , , , , , , 
Frederick J. Porter,artist, , , , , , , , , 
Frederick Lee Bridell,artist, , , , , , , , , 
Frederick Richard Pickersgill,artist, , , , , , , , , 
Frederick Tayler,artist, , , , , , , , , 
Frederick W. Elwell,artist, , , , , , , , , 
Frederick William Smith,artist, , , , , , , , , 
Friedrich Vordemberge-Gildewart,artist, , , , , , , , , 
Fritz Wotruba,artist, , , , , , , , , 
Frédéric Benrath,artist, , , , , , , , , 
Fudong Yang,artist, , , , , , , , , 
Fusao Hori,artist, , , , , , , , , 
Félix Vallotton,artist, , , , , , , , , 
G.W. Gent,artist, , , , , , , , , 
Gabriel Couderc,artist, , , , , , , , , 
Gabriel Kuri,artist, , , , , , , , , 
Gareth Jones,artist, , , , , , , , , 
Gareth Moore,artist, , , , , , , , , 
Garrick Palmer,artist, , , , , , , , , 
Ged Quinn,artist, , , , , , , , , 
Gene Davis,artist, , , , , , , , , 
Geoffrey Elliott,artist, , , , , , , , , 
Geoffrey Rhoades,artist, , , , , , , , , 
Georg Herold,artist, , , , , , , , , 
George Arnald,artist, , , , , , , , , 
George Arthur Fripp,artist, , , , , , , , , 
George Augustus Henry Sala,artist, , , , , , , , , 
George B. Campion,artist, , , , , , , , , 
George Beare,artist, , , , , , , , , 
George Bernard O'Neill,artist, , , , , , , , , 
George Bissill,artist, , , , , , , , , 
George Burrell Willcock,artist, , , , , , , , , 
George Charlton,artist, , , , , , , , , 
George Clint,artist, , , , , , , , , 
George Coates,artist, , , , , , , , , 
George Cockram,artist, , , , , , , , , 
George Constable,artist, , , , , , , , , 
George Cooper,attributed to, , , , , , , , , 
George Cumberland,artist, , , , , , , , , 
George Elgar Hicks,artist, , , , , , , , , 
George Fiddes Watt,artist, , , , , , , , , 
George Havard Thomas,artist, , , , , , , , , 
George Henry Boughton,artist, , , , , , , , , 
George Henry Laporte,artist, , , , , , , , , 
George Housman Thomas,artist, , , , , , , , , 
George Howard Carlisle,artist, , , , , , , , , 
George Lambourn,artist, , , , , , , , , 
George Montard Woodward,attributed to, , , , , , , , , 
George Ortman,artist, , , , , , , , , 
George Shaw,artist, , , , , , , , , 
George Sheffield,artist, , , , , , , , , 
George Thomson,artist, , , , , , , , , 
Georgie Hopton,artist, , , , , , , , , 
Georgina Macdonald,artist, , , , , , , , , 
Georgina Starr,artist, , , , , , , , , 
Gerald Brockhurst,artist, , , , , , , , , 
Gerald Cooper,artist, , , , , , , , , 
Gerald Laing,artist, , , , , , , , , 
Gerald Moira,artist, , , , , , , , , 
Gerard Byrne,artist, , , , , , , , , 
Gerard Chowne,artist, , , , , , , , , 
Gerard Schneider,artist, , , , , , , , , 
Gerard Tremblay,artist, , , , , , , , , 
Gerardo Dottori,artist, , , , , , , , , 
Gerhard von Graevenitz,artist, , , , , , , , , 
Ghitta Caiserman-Roth,artist, , , , , , , , , 
Giacomo Balla,artist, , , , , , , , , 
Gilbert Bayes,artist, , , , , , , , , 
Gilbert Jackson,artist, , , , , , , , , 
Gilbert Ledward,artist, , , , , , , , , 
Gilles Boisvert,artist, , , , , , , , , 
Gino Severini,artist, , , , , , , , , 
Giorgio Sadotti,artist, , , , , , , , , 
Giuseppe Ajmone,artist, , , , , , , , , 
Glen Onwin,artist, , , , , , , , , 
Glenn Ligon,artist, , , , , , , , , 
Glynn Williams,artist, , , , , , , , , 
Godfrey Miller,artist, , , , , , , , , 
Gorazd Sefran,artist, , , , , , , , , 
Gordon Smith,artist, , , , , , , , , 
Grace Wheatley,artist, , , , , , , , , 
Graham Clarke,artist, , , , , , , , , 
Grete Stern,artist, , , , , , , , , 
Guillaume Corneille,artist, , , , , , , , , 
Guillermo Kuitca,artist, , , , , , , , , 
Gulsun Karamustafa,artist, , , , , , , , , 
Gunter Demnig,artist, , , , , , , , , 
Gunther Uecker,artist, , , , , , , , , 
Gustave Singier,artist, , , , , , , , , 
Gustavo Torner,artist, , , , , , , , , 
Guy Beggs,artist, , , , , , , , , 
Guy Montpetit,artist, , , , , , , , , 
Guy Sherwin,artist, , , , , , , , , 
Günther Haese,artist, , , , , , , , , 
Ha van Vuong,artist, , , , , , , , , 
Hala Elkoussy,artist, , , , , , , , , 
Hani Rashed,artist, , , , , , , , , 
Hannah Wilke,artist, , , , , , , , , 
Hanne Darboven,artist, , , , , , , , , 
Hans Laabs,artist, , , , , , , , , 
Hans Tisdall,artist, , , , , , , , , 
Hans-Peter Feldmann,artist, , , , , , , , , 
Harald Becker,artist, , , , , , , , , 
Harland Miller,artist, , , , , , , , , 
Harman Verelst,artist, , , , , , , , , 
Harold Jones,artist, , , , , , , , , 
Harold Knight,artist, , , , , , , , , 
Harold Parker,artist, , , , , , , , , 
Harold Shapinsky,artist, , , , , , , , , 
Harold Speed,artist, , , , , , , , , 
Harold Town,artist, , , , , , , , , 
Harrington Mann,artist, , , , , , , , , 
Harry Dixon,artist, , , , , , , , , 
Harry Hall,artist, , , , , , , , , 
Harry Morley,artist, , , , , , , , , 
Harry Watson,artist, , , , , , , , , 
Harry William Adams,artist, , , , , , , , , 
Harvey Daniels,artist, , , , , , , , , 
Hassel Smith,artist, , , , , , , , , 
Hayley Newman,artist, , , , , , , , , 
Hedda Sterne,artist, , , , , , , , , 
Helena Markson,artist, , , , , , , , , 
Henk Peeters,artist, , , , , , , , , 
Henri Le Sidaner,artist, , , , , , , , , 
Henri Rousseau,artist, , , , , , , , , 
Henriette Browne,artist, , , , , , , , , 
Henry Alexander Bowler,artist, , , , , , , , , 
Henry Anderton,artist, , , , , , , , , 
Henry Bernard Chalon,artist, , , , , , , , , 
Henry Bond,artist, , , , , , , , , 
Henry Bright,artist, , , , , , , , , 
Henry C Fehr,artist, , , , , , , , , 
Henry Dentith,artist, , , , , , , , , 
Henry Gibbs,artist, , , , , , , , , 
Henry Gyles,artist, , , , , , , , , 
Henry Hall Pickersgill,artist, , , , , , , , , 
Henry Heath,attributed to, , , , , , , , , 
Henry Howard,artist, , , , , , , , , 
Henry Liverseege,artist, , , , , , , , , 
Henry Monro,artist, , , , , , , , , 
Henry Muhrman,artist, , , , , , , , , 
Henry Pether,artist, , , , , , , , , 
Henry Silkstone Hopwood,artist, , , , , , , , , 
Henry Stacy Marks,artist, , , , , , , , , 
Henry Tanworth Wells,artist, , , , , , , , , 
Henry Thomson,artist, , , , , , , , , 
Henry Woods,artist, , , , , , , , , 
Henryk Gotlib,artist, , , , , , , , , 
Henryk Stazewski,artist, , , , , , , , , 
Herbert A. Olivier,artist, , , , , , , , , 
Herbert Draper,artist, , , , , , , , , 
Herbert Gurschner,artist, , , , , , , , , 
Herbert Haseltine,artist, , , , , , , , , 
Herbert Schurmann,artist, , , , , , , , , 
Hew Locke,artist, , , , , , , , , 
Hideko Fukushima,artist, , , , , , , , , 
Hilda Carline,artist, , , , , , , , , 
Hilda Fearon,artist, , , , , , , , , 
Hilde Goldschmidt,artist, , , , , , , , , 
Horacio Coppola,artist, , , , , , , , , 
Horst Janssen,artist, , , , , , , , , 
Hou Bo,artist, , , , , , , , , 
Howard Mehring,artist, , , , , , , , , 
Hrair Sarkissian,artist, , , , , , , , , 
Hubert L. Wellington,artist, , , , , , , , , 
Hugh Barron,artist, , , , , , , , , 
Hugh Carter,artist, , , , , , , , , 
Hugh O'Donnell,artist, , , , , , , , , 
Hurvin Anderson,artist, , , , , , , , , 
Iain Baxter,artist, , , , , , , , , 
Iain Forsyth,artist, , , , , , , , , 
Ian Fairweather,artist, , , , , , , , , 
Ian Friend,artist, , , , , , , , , 
Ibrahim El-Salahi,artist, , , , , , , , , 
Igino Legnaghi,artist, , , , , , , , , 
Ignacio Zuloaga,artist, , , , , , , , , 
Igor Grubic,artist, , , , , , , , , 
Igor Kopystiansky,artist, , , , , , , , , 
Ilya Kabakov,artist, , , , , , , , , 
Ilya Repin,artist, , , , , , , , , 
Ingmar Reuter,artist, , , , , , , , , 
Iqbal Geoffrey,artist, , , , , , , , , 
Irving Petlin,artist, , , , , , , , , 
Isa Genzken,artist, , , , , , , , , 
Isaac Fuller,artist, , , , , , , , , 
Isaac Julien,artist, , , , , , , , , 
Isaac Nicholson,artist, , , , , , , , , 
Isaac Pocock,artist, , , , , , , , , 
Isaac Rosenberg,artist, , , , , , , , , 
Isaac Sailmaker,artist, , , , , , , , , 
Isabel Rawsthorne,artist, , , , , , , , , 
Isamu Noguchi,artist, , , , , , , , , 
Isidor Kaufmann,artist, , , , , , , , , 
Isidore Opsomer,artist, , , , , , , , , 
Israel Chaney,artist, , , , , , , , , 
Itai Doron,artist, , , , , , , , , 
Italo Valenti,artist, , , , , , , , , 
Ithell Colquhoun,artist, , , , , , , , , 
Ivan Albright,artist, , , , , , , , , 
Ivor Roberts-Jones,artist, , , , , , , , , 
Iwan Puni,artist, , , , , , , , , 
J. McIntosh Patrick,artist, , , , , , , , , 
J. Oppenheimer,artist, , , , , , , , , 
J. Wykeham Archer,artist, , , , , , , , , 
J.G.S. Herbert,artist, , , , , , , , , 
J.W. Chandler,artist, , , , , , , , , 
Jack Shadbolt,artist, , , , , , , , , 
Jack Tworkov,artist, , , , , , , , , 
Jack Whitten,artist, , , , , , , , , 
Jacob Bornfriend,artist, , , , , , , , , 
Jacob Huysmans,artist, , , , , , , , , 
Jacob Philippe Hackert,artist, , , , , , , , , 
Jacques Mahé de la Villeglé,artist, , , , , , , , , 
Jacques-Henri Lartigue,artist, , , , , , , , , 
Jake Tilson,artist, , , , , , , , , 
James Arthur O'Connor,attributed to, , , , , , , , , 
James Baker Pyne,artist, , , , , , , , , 
James Barenger,artist, , , , , , , , , 
James Bourne,attributed to, , , , , , , , , 
James Brooks,artist, , , , , , , , , 
James Campbell,artist, , , , , , , , , 
James Cowie,artist, , , , , , , , , 
James Deacon,artist, , , , , , , , , 
James Ensor,artist, , , , , , , , , 
James Fitton,artist, , , , , , , , , 
James Gillray,attributed to, , , , , , , , , 
James Hamilton,attributed to, , , , , , , , , 
James Holworthy,artist, , , , , , , , , 
James Hugonin,artist, , , , , , , , , 
James Jefferys,artist, , , , , , , , , 
James Johnson,attributed to, , , , , , , , , 
James Kerr-Lawson,artist, , , , , , , , , 
James Lambert,artist, , , , , , , , , 
James Latham,artist, , , , , , , , , 
James Lloyd,artist, , , , , , , , , 
James Miller,attributed to, , , , , , , , , 
James Moore,artist, , , , , , , , , 
James Northcote,artist, , , , , , , , , 
James Pyman,artist, , , , , , , , , 
James Rielly,artist, , , , , , , , , 
James Stevenson,artist, , , , , , , , , 
James Turpin Hart,artist, , , , , , , , , 
James Van Der Zee,artist, , , , , , , , , 
James Webb,artist, , , , , , , , , 
James Wilson Morrice,artist, , , , , , , , , 
James Wines,artist, , , , , , , , , 
Jan Le Witt,artist, , , , , , , , , 
Jan Schoonhoven,artist, , , , , , , , , 
Jan Vercruysse,artist, , , , , , , , , 
Jananne Al-Ani,artist, , , , , , , , , 
Janet Cree,artist, , , , , , , , , 
Janice Jacobs,artist, , , , , , , , , 
Jaume Rocamora,artist, , , , , , , , , 
Javier Téllez,artist, , , , , , , , , 
Jean Béraud,artist, , , , , , , , , 
Jean Cooke,artist, , , , , , , , , 
Jean Crotti,artist, , , , , , , , , 
Jean Frélaut,artist, , , , , , , , , 
Jean Ipoustéguy,artist, , , , , , , , , 
Jean Metzinger,artist, , , , , , , , , 
Jean-Charles Blais,artist, , , , , , , , , 
Jean-Charles Cazin,artist, , , , , , , , , 
Jean-Michel Atlan,artist, , , , , , , , , 
Jean-Pierre Yvaral,artist, , , , , , , , , 
Jedd Garet,artist, , , , , , , , , 
Jef Banc,artist, , , , , , , , , 
Jeffrey Dennis,artist, , , , , , , , , 
Jeong-A Koo,artist, , , , , , , , , 
Jeppe Hein,artist, , , , , , , , , 
Jesper Just,artist, , , , , , , , , 
Jesse Green,artist, , , , , , , , , 
Jim Hodges,artist, , , , , , , , , 
Jo Baer,artist, , , , , , , , , 
Jo Bruton,artist, , , , , , , , , 
Jo Feiler,artist, , , , , , , , , 
Joan Eardley,artist, , , , , , , , , 
Joan Jonas,artist, , , , , , , , , 
Joan Key,artist, , , , , , , , , 
Joan-Josep Tharrats,artist, , , , , , , , , 
Jochen Klein,artist, , , , , , , , , 
Joel Fisher,artist, , , , , , , , , 
Joel Smith,artist, , , , , , , , , 
Johan Grimonprez,artist, , , , , , , , , 
John Altoon,artist, , , , , , , , , 
John Anster Fitzgerald,artist, , , , , , , , , 
John Augustus Atkinson,artist, , , , , , , , , 
John Berney Crome,artist, , , , , , , , , 
John Bettes,artist, , , , , , , , , 
John Bird,artist, , , , , , , , , 
John Boyne,attributed to, , , , , , , , , 
John Burnet,artist, , , , , , , , , 
John Butts,attributed to, , , , , , , , , 
John Callcott Horsley,artist, , , , , , , , , 
John Cecil Stephenson,artist, , , , , , , , , 
John Christian Schetky,artist, , , , , , , , , 
John Claude Nattes,artist, , , , , , , , , 
John Collet,artist, , , , , , , , , 
John Cranch,artist, , , , , , , , , 
John Dawson Watson,artist, , , , , , , , , 
John Devoto,artist, , , , , , , , , 
John Doubleday,artist, , , , , , , , , 
John Dugger,artist, , , , , , , , , 
John F. Kavanagh,artist, , , , , , , , , 
John Finnie,artist, , , , , , , , , 
John Fulleylove,artist, , , , , , , , , 
John Griffiths,artist, , , , , , , , , 
John Gulich,artist, , , , , , , , , 
John Harris,attributed to, , , , , , , , , 
John Hassell,attributed to, , , , , , , , , 
John Hayls,artist, , , , , , , , , 
John Haynes-Williams,artist, , , , , , , , , 
John Hayter,attributed to, , , , , , , , , 
John Henry F. Bacon,artist, , , , , , , , , 
John Henry Foley,artist, , , , , , , , , 
John Henry Lorimer,artist, , , , , , , , , 
John Henry Yeend King,artist, , , , , , , , , 
John Hill,artist, , , , , , , , , 
John Korner,artist, , , , , , , , , 
John MacWhirter,artist, , , , , , , , , 
John Marin,artist, , , , , , , , , 
John McLaughlin,artist, , , , , , , , , 
John McLean,artist, , , , , , , , , 
John Melhuish Strudwick,artist, , , , , , , , , 
John Milne,artist, , , , , , , , , 
John Platt,artist, , , , , , , , , 
John Pollard Seddon,artist, , , , , , , , , 
John Prescott Knight,artist, , , , , , , , , 
John Ralston,attributed to, , , , , , , , , 
John Raphael Smith,artist, , , , , , , , , 
John S. Currie,artist, , , , , , , , , 
John Salt,artist, , , , , , , , , 
John Samuel Raven,artist, , , , , , , , , 
John Seymour Lucas,artist, , , , , , , , , 
John Shelley,artist, , , , , , , , , 
John Simpson,artist, , , , , , , , , 
John Skippe,artist, , , , , , , , , 
John Souch,artist, , , , , , , , , 
John St John St John Long,artist, , , , , , , , , 
John Taylor,attributed to, , , , , , , , , 
John Thirtle,artist, , , , , , , , , 
John Thomas,artist, , , , , , , , , 
John Tweed,artist, , , , , , , , , 
John Virtue,artist, , , , , , , , , 
John Wainwright,artist, , , , , , , , , 
John Ward,artist, , , , , , , , , 
John Wheatley,artist, , , , , , , , , 
John Young-Hunter,artist, , , , , , , , , 
John Zephaniah Bell,artist, , , , , , , , , 
Jon Savage,artist, , , , , , , , , 
Jon Thompson,artist, , , , , , , , , 
Jonas Mekas,artist, , , , , , , , , 
Jonathan Leaman,artist, , , , , , , , , 
Jonathas de Andrade,artist, , , , , , , , , 
Jorge Pardo,artist, , , , , , , , , 
Jose Carlos Martinat Mendoza,artist, , , , , , , , , 
Joseph Axe Sleap,artist, , , , , , , , , 
Joseph Charles Barrow,artist, , , , , , , , , 
Joseph Cornell,artist, , , , , , , , , 
Joseph Crawhall,artist, , , , , , , , , 
Joseph Farquharson,artist, , , , , , , , , 
Joseph Knight,artist, , , , , , , , , 
Joseph Konzal,artist, , , , , , , , , 
Joseph Murray Ince,artist, , , , , , , , , 
Joseph Severn,artist, , , , , , , , , 
Joseph Van Aken,artist, , , , , , , , , 
Joseph William Allen,artist, , , , , , , , , 
Josiah McElheny,artist, , , , , , , , , 
José Cardoso,artist, , , , , , , , , 
José De Rivera,artist, , , , , , , , , 
João Pedro Vale,artist, , , , , , , , , 
Juan Araujo,artist, , , , , , , , , 
Juan Uslé,artist, , , , , , , , , 
Juan Vila Casas,artist, , , , , , , , , 
Judith Rothschild,artist, , , , , , , , , 
Judy Wong,artist, , , , , , , , , 
Jules Dalou,artist, , , , , , , , , 
Julian Lethbridge,artist, , , , , , , , , 
Julian Phelps Allan,artist, , , , , , , , , 
Julie Roberts,artist, , , , , , , , , 
Julius Bissier,artist, , , , , , , , , 
Julius Olsson,artist, , , , , , , , , 
Karin Jonzen,artist, , , , , , , , , 
Kaspar-Thomas Lenk,artist, , , , , , , , , 
Kate Blacker,artist, , , , , , , , , 
Kathleen Gerrard,artist, , , , , , , , , 
Kazimir Malevich,artist, , , , , , , , , 
Keeley Halswelle,artist, , , , , , , , , 
Keiko Minami,artist, , , , , , , , , 
Keir Smith,artist, , , , , , , , , 
Keith Critchlow,artist, , , , , , , , , 
Keith Piper,artist, , , , , , , , , 
Keith Sonnier,artist, , , , , , , , , 
Keith Tyson,artist, , , , , , , , , 
Kelley Walker,artist, , , , , , , , , 
Kellock Brown,artist, , , , , , , , , 
Ken Currie,artist, , , , , , , , , 
Keren Cytter,artist, , , , , , , , , 
Kevin Pearsh,artist, , , , , , , , , 
Kishio Suga,artist, , , , , , , , , 
Klaus Rinke,artist, , , , , , , , , 
Konstantin Somov,artist, , , , , , , , , 
Konstantin Yuon,artist, , , , , , , , , 
Krsto Hegedusic,artist, , , , , , , , , 
Kutlug Ataman,artist, , , , , , , , , 
Kyffin Williams,artist, , , , , , , , , 
L Booth,artist, , , , , , , , , 
Lady Dacre,artist, , , , , , , , , 
Lady Davis,artist, , , , , , , , , 
Lady Dorothy Stanley,artist, , , , , , , , , 
Lady Gordon,artist, , , , , , , , , 
Lady Kennet,artist, , , , , , , , , 
Lady Louisa Greville,artist, , , , , , , , , 
Lady Spencer,artist, , , , , , , , , 
Laetitia Yhap,artist, , , , , , , , , 
Larry Zox,artist, , , , , , , , , 
Lars Hokanson,artist, , , , , , , , , 
Laura Anning Bell,artist, , , , , , , , , 
Laura Ford,artist, , , , , , , , , 
Laurence Burt,artist, , , , , , , , , 
Lawrence Atkinson,artist, , , , , , , , , 
Layla Curtis,artist, , , , , , , , , 
Lee Bontecou,artist, , , , , , , , , 
Lee Friedlander,artist, , , , , , , , , 
Lee Krasner,artist, , , , , , , , , 
Leon Zack,artist, , , , , , , , , 
Leonard Baskin,artist, , , , , , , , , 
Leonard Brammer,artist, , , , , , , , , 
Leonard Campbell Taylor,artist, , , , , , , , , 
Leonard Raven-Hill,artist, , , , , , , , , 
Leonardo Drew,artist, , , , , , , , , 
Leonor Fini,artist, , , , , , , , , 
Leopold Rivers,artist, , , , , , , , , 
Leslie Hunter,artist, , , , , , , , , 
Lilian Holt,artist, , , , , , , , , 
Liliana Porter,artist, , , , , , , , , 
Lily D. Joseph,artist, , , , , , , , , 
Lindsay Seers,artist, , , , , , , , , 
Lionel Percy Smythe,artist, , , , , , , , , 
Lis Rhodes,artist, , , , , , , , , 
Liselott Henderson-Begg,artist, , , , , , , , , 
Liz Rideal,artist, , , , , , , , , 
Lois Fine,artist, , , , , , , , , 
Lord Essex,artist, , , , , , , , , 
Lord William Pitt Lennox,artist, , , , , , , , , 
Louis Buvelot,artist, , , , , , , , , 
Louis Chéron,artist, , , , , , , , , 
Louis Haghe,artist, , , , , , , , , 
Louis Philippe Boitard,after, , , , , , , , , 
Louisa Matthiasdottir,artist, , , , , , , , , 
Louise Hutchinson,artist, , , , , , , , , 
Louise Wilson,artist, , , , , , , , , 
Luciano Lattanzi,artist, , , , , , , , , 
Luciano Minguzzi,artist, , , , , , , , , 
Lucien Hervé,artist, , , , , , , , , 
Lucy Gunning,artist, , , , , , , , , 
Lucy McKenzie,artist, , , , , , , , , 
Lucy Raven,artist, , , , , , , , , 
Lucy Skaer,artist, , , , , , , , , 
Ludwig Sander,artist, , , , , , , , , 
Luke Fowler,artist, , , , , , , , , 
Lygia Pape,artist, , , , , , , , , 
Lynda Benglis,artist, , , , , , , , , 
Lynton Lamb,artist, , , , , , , , , 
László Moholy-Nagy,artist, , , , , , , , , 
M. Turton,artist, , , , , , , , , 
Macdonald Gill,artist, , , , , , , , , 
Mahmoud Bakhshi Moakhar,artist, , , , , , , , , 
Malcolm Carder,artist, , , , , , , , , 
Malcolm Milne,artist, , , , , , , , , 
Manolis Calliyannis,artist, , , , , , , , , 
Manuel Álvarez Bravo,artist, , , , , , , , , 
Marcus Stone,artist, , , , , , , , , 
Margaret Barker,artist, , , , , , , , , 
Margaret Fisher Prout,artist, , , , , , , , , 
Margaret Gere,artist, , , , , , , , , 
Margaret Priest,artist, , , , , , , , , 
Margery Clinton,artist, , , , , , , , , 
Margot Perryman,artist, , , , , , , , , 
Maria Cardoso,artist, , , , , , , , , 
Maria Spilsbury,artist, , , , , , , , , 
Marianne Stokes,artist, , , , , , , , , 
Marianne Unwin,artist, , , , , , , , , 
Marie Cazin,artist, , , , , , , , , 
Marin Studin,artist, , , , , , , , , 
Mario Bionda,artist, , , , , , , , , 
Mario Dubsky,artist, , , , , , , , , 
Mario Garcia Torres,artist, , , , , , , , , 
Marius Bauer,artist, , , , , , , , , 
Mark Dickenson,artist, , , , , , , , , 
Mark Tobey,artist, , , , , , , , , 
Mark di Suvero,artist, , , , , , , , , 
Markus Lüpertz,artist, , , , , , , , , 
Markus Schinwald,artist, , , , , , , , , 
Marmaduke Cradock,artist, , , , , , , , , 
Martial Raysse,artist, , , , , , , , , 
Mary Ford,artist, , , , , , , , , 
Mary Gow,artist, , , , , , , , , 
Mary Hartley,artist, , , , , , , , , 
Mary Kelly,artist, , , , , , , , , 
Mary Kessell,artist, , , , , , , , , 
Mary McEvoy,artist, , , , , , , , , 
Mary Newcomb,artist, , , , , , , , , 
Matt Mullican,artist, , , , , , , , , 
Matt Rugg,artist, , , , , , , , , 
Matthew Buckingham,artist, , , , , , , , , 
Matthew Haughton,artist, , , , , , , , , 
Matthew Higgs,artist, , , , , , , , , 
Matthew Monahan,artist, , , , , , , , , 
Matthew Pillsbury,artist, , , , , , , , , 
Matthew Tickle,artist, , , , , , , , , 
Matthew White Ridley,artist, , , , , , , , , 
Matthias Müller,artist, , , , , , , , , 
Maude Boughton Leigh,artist, , , , , , , , , 
Maurice Phillips,artist, , , , , , , , , 
Maurice Sterne,artist, , , , , , , , , 
Maurice Wyckaert,artist, , , , , , , , , 
Maurice de Vlaminck,artist, , , , , , , , , 
Max Wigram,artist, , , , , , , , , 
Maxime Maufra,artist, , , , , , , , , 
Maxwell Bates,artist, , , , , , , , , 
Maxwell Gordon Lightfoot,artist, , , , , , , , , 
Medardo Rosso,artist, , , , , , , , , 
Melanie Jackson,artist, , , , , , , , , 
Melton Fisher,artist, , , , , , , , , 
Meraud Guevara,artist, , , , , , , , , 
Michael Carlo,artist, , , , , , , , , 
Michael Dahl,artist, , , , , , , , , 
Michael Finn,artist, , , , , , , , , 
Michael Fussell,artist, , , , , , , , , 
Michael Gross,artist, , , , , , , , , 
Michael Morris,artist, , , , , , , , , 
Michael Oelman,artist, , , , , , , , , 
Michael Roschlau,artist, , , , , , , , , 
Michael Tyzack,artist, , , , , , , , , 
Michel Andreenko,artist, , , , , , , , , 
Mildred Anne Butler,artist, , , , , , , , , 
Mimi Parent,and other artists, , , , , , , , , 
Mimmo Rotella,artist, , , , , , , , , 
Mino Maccari,artist, , , , , , , , , 
Misch Kohn,artist, , , , , , , , , 
Mitch Epstein,artist, , , , , , , , , 
Modestos Cuixart,artist, , , , , , , , , 
Mohammed Naghi Bey,artist, , , , , , , , , 
Monique Charbonneau,artist, , , , , , , , , 
Monir Shahroudy Farmanfarmaian,artist, , , , , , , , , 
Mordecai Ardon,artist, , , , , , , , , 
Morris Graves,artist, , , , , , , , , 
Morris Kestelman,artist, , , , , , , , , 
Mortimer Brown,artist, , , , , , , , , 
Mortimer Menpes,artist, , , , , , , , , 
Moses Haughton,attributed to, , , , , , , , , 
Mustafa Hulusi,artist, , , , , , , , , 
Myles Murphy,artist, , , , , , , , , 
Nadia Benois,artist, , , , , , , , , 
Nancy Carline,artist, , , , , , , , , 
Nancy Spero,artist, , , , , , , , , 
Nathan Branwhite,artist, , , , , , , , , 
Nathan Oliveira,artist, , , , , , , , , 
Nathaniel Mellors,artist, , , , , , , , , 
Nazgol Ansarinia,artist, , , , , , , , , 
Nedko Solakov,artist, , , , , , , , , 
Nelson Leirner,artist, , , , , , , , , 
Neville Boden,artist, , , , , , , , , 
Neville Cain,artist, , , , , , , , , 
Nico Jungman,artist, , , , , , , , , 
Nicolas Ghika,artist, , , , , , , , , 
Nicole Wermers,artist, , , , , , , , , 
Niki de Saint Phalle,artist, , , , , , , , , 
Niklavs Strunke,artist, , , , , , , , , 
Nil Yalter,artist, , , , , , , , , 
Nora L.M. Cundell,artist, , , , , , , , , 
Norah Braden,artist, , , , , , , , , 
Norbert Goeneutte,artist, , , , , , , , , 
Odilon Redon,artist, , , , , , , , , 
Oliver and Nick Payne and Relph,artist, , , , , , , , , 
Olwyn Bowey,artist, , , , , , , , , 
Omer Fast,artist, , , , , , , , , 
On Kawara,artist, , , , , , , , , 
Ori Gersht,artist, , , , , , , , , 
Oscar Nemon,artist, , , , , , , , , 
Oswaldo Maciá,artist, , , , , , , , , 
Ota Janecek,artist, , , , , , , , , 
Oto Gutfreund,artist, , , , , , , , , 
Ovidiu Maitec,artist, , , , , , , , , 
Pae White,artist, , , , , , , , , 
Patrick Phillips,artist, , , , , , , , , 
Paul Harrison,artist, , , , , , , , , 
Paul Helleu,artist, , , , , , , , , 
Paul Henry,artist, , , , , , , , , 
Paul Hogarth,artist, , , , , , , , , 
Paul Jenkins,artist, , , , , , , , , 
Paul Joyce,artist, , , , , , , , , 
Paul Serusier,artist, , , , , , , , , 
Paul Sietsema,artist, , , , , , , , , 
Paul Troubetzkoy,artist, , , , , , , , , 
Paul Van Somer,artist, , , , , , , , , 
Paul Wunderlich,artist, , , , , , , , , 
Pauline Boty,artist, , , , , , , , , 
Pavel Tchelitchew,artist, , , , , , , , , 
Percy Horton,artist, , , , , , , , , 
Pericle Fazzini,artist, , , , , , , , , 
Peter Angellis,artist, , , , , , , , , 
Peter Borseller,artist, , , , , , , , , 
Peter Brüning,artist, , , , , , , , , 
Peter Davies,artist, , , , , , , , , 
Peter Downsbrough,artist, , , , , , , , , 
Peter Graham,artist, , , , , , , , , 
Peter Howell,artist, , , , , , , , , 
Peter John van Reysschoot,artist, , , , , , , , , 
Peter Logan,artist, , , , , , , , , 
Peter Milton,artist, , , , , , , , , 
Peter Monamy,artist, , , , , , , , , 
Peter Paul Benazech,artist, , , , , , , , , 
Peter Paul Rubens,artist, , , , , , , , , 
Peter Pommerer,artist, , , , , , , , , 
Peter Potworowski,artist, , , , , , , , , 
Peter Prendergast,artist, , , , , , , , , 
Peter Rose Pulham,artist, , , , , , , , , 
Peter Suschitzky,artist, , , , , , , , , 
Phelan Gibb,artist, , , , , , , , , 
Philip Alexius de László,artist, , , , , , , , , 
Philip Reinagle,artist, , , , , , , , , 
Philippe Joseph Tassaert,artist, , , , , , , , , 
Philippe Parreno,artist, , , , , , , , , 
Phillip Allen,artist, , , , , , , , , 
Phoebe Unwin,artist, , , , , , , , , 
Phyllis Ginger,artist, , , , , , , , , 
Piero Dorazio,artist, , , , , , , , , 
Pierre Ayot,artist, , , , , , , , , 
Pierre Dimitrienko,artist, , , , , , , , , 
Pierre Wemaere,artist, , , , , , , , , 
Pietro Consagra,artist, , , , , , , , , 
Pino Pascali,artist, , , , , , , , , 
Piotr Janas,artist, , , , , , , , , 
Piotr Uklanski,artist, , , , , , , , , 
Pipilotti Rist,artist, , , , , , , , , 
Professor Millington,artist, , , , , , , , , 
Rabih Mroué,artist, , , , , , , , , 
Rafael Lozano-Hemmer,artist, , , , , , , , , 
Raimond Chaves,artist, , , , , , , , , 
Ralph Brown,artist, , , , , , , , , 
Ralph Rumney,artist, , , , , , , , , 
Ralph Steadman,artist, , , , , , , , , 
Raoh Schorr,artist, , , , , , , , , 
Raoul Hausmann,artist, , , , , , , , , 
Raqib Shaw,artist, , , , , , , , , 
Ray Johnson,artist, , , , , , , , , 
Ray Parker,artist, , , , , , , , , 
Reginald Brill,artist, , , , , , , , , 
Renée Sintenis,artist, , , , , , , , , 
Reuben Mednikoff,artist, , , , , , , , , 
Rev C J R Berkeley,attributed to, , , , , , , , , 
Rev. Edward Pryce Owen,artist, , , , , , , , , 
Rev. Matthew William Peters,artist, , , , , , , , , 
Rev. William Bree,artist, , , , , , , , , 
Ricardo Basbaum,artist, , , , , , , , , 
Richard Allen,artist, , , , , , , , , 
Richard Ansdell,artist, , , , , , , , , 
Richard Anuszkiewicz,artist, , , , , , , , , 
Richard Avedon,artist, , , , , , , , , 
Richard Batterham,artist, , , , , , , , , 
Richard Bosman,artist, , , , , , , , , 
Richard Dalton,artist, , , , , , , , , 
Richard Diebenkorn,artist, , , , , , , , , 
Richard Doyle,artist, , , , , , , , , 
Richard H. Hilditch,artist, , , , , , , , , 
Richard Jack,artist, , , , , , , , , 
Richard Johnny John,artist, , , , , , , , , 
Richard Patterson,artist, , , , , , , , , 
Richard Prince,artist, , , , , , , , , 
Richard Roper,artist, , , , , , , , , 
Rirkrit Tiravanija,artist, , , , , , , , , 
Rita M. Ling,artist, , , , , , , , , 
Rivane Neuenschwander,artist, , , , , , , , , 
Robert Alan Mowbray Stevenson,artist, , , , , , , , , 
Robert Brandard,artist, , , , , , , , , 
Robert Brough,artist, , , , , , , , , 
Robert Buchan Nisbet,artist, , , , , , , , , 
Robert Edge Pine,artist, , , , , , , , , 
Robert Fagan,artist, , , , , , , , , 
Robert Helman,artist, , , , , , , , , 
Robert Henri,artist, , , , , , , , , 
Robert Huskisson,artist, , , , , , , , , 
Robert Indiana,artist, , , , , , , , , 
Robert Jay Wolff,artist, , , , , , , , , 
Robert Kushner,artist, , , , , , , , , 
Robert Ladbrooke,artist, , , , , , , , , 
Robert Noble,artist, , , , , , , , , 
Robert Pollard,attributed to, , , , , , , , , 
Robert Rahway Zakanitch,artist, , , , , , , , , 
Robert Scott,artist, , , , , , , , , 
Robert Smithson,artist, , , , , , , , , 
Robert Stark,artist, , , , , , , , , 
Robert Streatfeild,artist, , , , , , , , , 
Robert Walker Macbeth,artist, , , , , , , , , 
Robert Wolfe,artist, , , , , , , , , 
Robert Young,artist, , , , , , , , , 
Roberto Crippa,artist, , , , , , , , , 
Robin Ironside,artist, , , , , , , , , 
Robin Laurie,artist, , , , , , , , , 
Roderick Buchanan,artist, , , , , , , , , 
Rodolphe d' Erlanger,artist, , , , , , , , , 
Roelof Louw,artist, , , , , , , , , 
Roger Ackling,artist, , , , , , , , , 
Roger Ballen,artist, , , , , , , , , 
Roger Bissière,artist, , , , , , , , , 
Roger Grand,artist, , , , , , , , , 
Roland Pichet,artist, , , , , , , , , 
Roman Ondák,artist, , , , , , , , , 
Romey Brough,artist, , , , , , , , , 
Ron Davis,artist, , , , , , , , , 
Ron Janowich,artist, , , , , , , , , 
Ronald Gray,artist, , , , , , , , , 
Ronald King,artist, , , , , , , , , 
Ronald Stein,artist, , , , , , , , , 
Rosalind Nashashibi,artist, , , , , , , , , 
Rose Finn-Kelcey,artist, , , , , , , , , 
Rose Wylie,artist, , , , , , , , , 
Ross Bleckner,artist, , , , , , , , , 
Rowland Emett,artist, , , , , , , , , 
Roy Adzak,artist, , , , , , , , , 
Roy Grayson,artist, , , , , , , , , 
Rudolf Hoflehner,artist, , , , , , , , , 
Runa Islam,artist, , , , , , , , , 
Russell Drysdale,artist, , , , , , , , , 
Russell Reeve,artist, , , , , , , , , 
Ruth Ewan,artist, , , , , , , , , 
Saleem Arif Quadri,artist, , , , , , , , , 
Sam Durant,artist, , , , , , , , , 
Sam Gilliam,artist, , , , , , , , , 
Sam Haile,artist, , , , , , , , , 
Samira Eskandarfar,artist, , , , , , , , , 
Samuel Atkins,artist, , , , , , , , , 
Samuel Bough,artist, , , , , , , , , 
Samuel Butler,artist, , , , , , , , , 
Samuel Collings,artist, , , , , , , , , 
Samuel John Carter,artist, , , , , , , , , 
Samuel John Peploe,artist, , , , , , , , , 
Samuel Joseph,artist, , , , , , , , , 
Samuel Lane,artist, , , , , , , , , 
Samuel Phillips Jackson,attributed to, , , , , , , , , 
Samuel Shelley,artist, , , , , , , , , 
Samuel William Reynolds,attributed to, , , , , , , , , 
Sandra Gamarra,artist, , , , , , , , , 
Santiago Sierra,artist, , , , , , , , , 
Santu Mofokeng,artist, , , , , , , , , 
Sarah Nechamkin,artist, , , , , , , , , 
Sarah Staton,artist, , , , , , , , , 
Scott King,artist, , , , , , , , , 
Sean Landers,artist, , , , , , , , , 
Sebastian Diaz Morales,artist, , , , , , , , , 
Sebastian Evans,artist, , , , , , , , , 
Serge Poliakoff,artist, , , , , , , , , 
Serge Tousignant,artist, , , , , , , , , 
Sergio Romiti,artist, , , , , , , , , 
Sergio de Camargo,artist, , , , , , , , , 
Seung-Taek Lee,artist, , , , , , , , , 
Sheila Black,artist, , , , , , , , , 
Sherrie Levine,artist, , , , , , , , , 
Sheung Chuen Pak,artist, , , , , , , , , 
Shirin Neshat,artist, , , , , , , , , 
Shusaku Arakawa,artist, , , , , , , , , 
Sidney Richard Percy,artist, , , , , , , , , 
Simon Bill,artist, , , , , , , , , 
Simon Callery,artist, , , , , , , , , 
Simon Cutts,artist, , , , , , , , , 
Simon Du Bois,artist, , , , , , , , , 
Simon English,artist, , , , , , , , , 
Simon Levy,artist, , , , , , , , , 
Simon Linke,artist, , , , , , , , , 
Simon Periton,artist, , , , , , , , , 
Sine Mackinnon,artist, , , , , , , , , 
Sir Alfred East,artist, , , , , , , , , 
Sir Charles Lawes-Wittewronge,artist, , , , , , , , , 
Sir Ernest Albert Waterlow,artist, , , , , , , , , 
Sir Francis Grant,artist, , , , , , , , , 
Sir George Pirie,artist, , , , , , , , , 
Sir Herbert Hughes-Stanton,artist, , , , , , , , , 
Sir Herbert James Gunn,artist, , , , , , , , , 
Sir James Guthrie,artist, , , , , , , , , 
Sir John Tenniel,artist, , , , , , , , , 
Sir John Watson Gordon,artist, , , , , , , , , 
Sir Nathaniel Bacon,artist, , , , , , , , , 
Sir Richard Colt Hoare,attributed to, , , , , , , , , 
Sir Richard Rivington Holmes,artist, , , , , , , , , 
Sir William Allan,artist, , , , , , , , , 
Sir William Boxall,artist, , , , , , , , , 
Sir William Fettes Douglas,artist, , , , , , , , , 
Sir William Llewellyn,artist, , , , , , , , , 
Sir William Mactaggart,artist, , , , , , , , , 
Sir William Newton,artist, , , , , , , , , 
Sir William Reynolds-Stephens,artist, , , , , , , , , 
Sir William Segar,attributed to, , , , , , , , , 
Sir Winston Churchill,artist, , , , , , , , , 
Sofu Teshigahara,artist, , , , , , , , , 
Solomon Alexander Hart,artist, , , , , , , , , 
Solomon J. Solomon,artist, , , , , , , , , 
Sorel Etrog,artist, , , , , , , , , 
Stanhope Alexander Forbes,artist, , , , , , , , , 
Stanislav Kolíbal,artist, , , , , , , , , 
Stephanie Smith,artist, , , , , , , , , 
Stephen Greene,artist, , , , , , , , , 
Stephen M. Wiens,artist, , , , , , , , , 
Stephen Shore,artist, , , , , , , , , 
Stephen Tomlin,artist, , , , , , , , , 
Steven Spurrier,artist, , , , , , , , , 
Stojan Celic,artist, , , , , , , , , 
Stuart Davis,after, , , , , , , , , 
Subodh Gupta,artist, , , , , , , , , 
Sue Fuller,artist, , , , , , , , , 
Susan Crawford,artist, , , , , , , , , 
Susan Philipsz,artist, , , , , , , , , 
Susumu Koshimizu,artist, , , , , , , , , 
Suzanne Treister,artist, , , , , , , , , 
Sylvia Gosse,artist, , , , , , , , , 
Sylvia Melland,artist, , , , , , , , , 
T Cole,artist, , , , , , , , , 
T. Moore,artist, , , , , , , , , 
Takao Tanabe,artist, , , , , , , , , 
Terence Millington,artist, , , , , , , , , 
Terrick Williams,artist, , , , , , , , , 
Terry Atkinson,artist, , , , , , , , , 
Terry Willson,artist, , , , , , , , , 
The Hon. Charles Stewart Harding,artist, , , , , , , , , 
Theo van Doesburg,artist, , , , , , , , , 
Theodore Lane,artist, , , , , , , , , 
Theodore Roszak,artist, , , , , , , , , 
Thomas Allom,after, , , , , , , , , 
Thomas Beach,artist, , , , , , , , , 
Thomas Benjamin Kennington,artist, , , , , , , , , 
Thomas Carr,artist, , , , , , , , , 
Thomas Christopher Hofland,artist, , , , , , , , , 
Thomas Collier,artist, , , , , , , , , 
Thomas Dalziel,artist, , , , , , , , , 
Thomas Dugdale,artist, , , , , , , , , 
Thomas Erma,artist, , , , , , , , , 
Thomas Frye,artist, , , , , , , , , 
Thomas George,artist, , , , , , , , , 
Thomas Hand,artist, , , , , , , , , 
Thomas Heaphy,artist, , , , , , , , , 
Thomas Hope McLachlan,artist, , , , , , , , , 
Thomas J. Somerscales,artist, , , , , , , , , 
Thomas Johnson,artist, , , , , , , , , 
Thomas Lawson,artist, , , , , , , , , 
Thomas Manby,artist, , , , , , , , , 
Thomas Miles Richardson,artist, , , , , , , , , 
Thomas Phillips,artist, , , , , , , , , 
Thomas Scheibitz,artist, , , , , , , , , 
Thomas Shotter Boys,artist, , , , , , , , , 
Thomas Smith,artist, , , , , , , , , 
Thomas Spencer,artist, , , , , , , , , 
Thomas Stirling Lee,artist, , , , , , , , , 
Thomas Tennant Baxter,artist, , , , , , , , , 
Thomas Tudor,artist, , , , , , , , , 
Thomas Whitcombe,artist, , , , , , , , , 
Théodore Roussel,artist, , , , , , , , , 
Théophile de Bock,artist, , , , , , , , , 
Théophile-Alexandre Steinlen,artist, , , , , , , , , 
Tib Beament,artist, , , , , , , , , 
Tim Gidal,artist, , , , , , , , , 
Timothy Drever,artist, , , , , , , , , 
Tino Sehgal,artist, , , , , , , , , 
Tom Gentleman,artist, , , , , , , , , 
Tom Lieber,artist, , , , , , , , , 
Tom Wesselmann,artist, , , , , , , , , 
Tomoko Takahashi,artist, , , , , , , , , 
Tony DeLap,artist, , , , , , , , , 
Tony Swain,artist, , , , , , , , , 
Tris Vonna-Michell,artist, , , , , , , , , 
Ulla von Brandenburg,artist, , , , , , , , , 
Umberto Boccioni,artist, , , , , , , , , 
Ursula Tyrwhitt,artist, , , , , , , , , 
Valentine Cameron Prinsep,artist, , , , , , , , , 
Valerie Large,artist, , , , , , , , , 
Valeska Soares,artist, , , , , , , , , 
Valérie Mréjen,artist, , , , , , , , , 
Vangelis Vlahos,artist, , , , , , , , , 
Vera Frenkel,artist, , , , , , , , , 
Victor Alimpiev,artist, , , , , , , , , 
Victor Askew,artist, , , , , , , , , 
Victor Reinganum,artist, , , , , , , , , 
Vik Muniz,artist, , , , , , , , , 
Violet Rutland,artist, , , , , , , , , 
Vivian Forbes,artist, , , , , , , , , 
Vjenceslav Richter,artist, , , , , , , , , 
Vladimir Velickovic,artist, , , , , , , , , 
W. Deeble,artist, , , , , , , , , 
W. Eugene Smith,artist, , , , , , , , , 
W. Kinnard,artist, , , , , , , , , 
W. Oram,attributed to, , , , , , , , , 
W. Thomson,artist, , , , , , , , , 
W. Turner,artist, , , , , , , , , 
Walasse Ting,artist, , , , , , , , , 
Walter Crane,artist, , , , , , , , , 
Walter Frederick Osborne,artist, , , , , , , , , 
Walter Hunt,artist, , , , , , , , , 
Walter Taylor,artist, , , , , , , , , 
Walter West,artist, , , , , , , , , 
Walter William Ouless,artist, , , , , , , , , 
Wangechi Mutu,artist, , , , , , , , , 
Warwick Moreton,artist, , , , , , , , , 
Wen-Ying Tsai,artist, , , , , , , , , 
Wendy Pasmore,artist, , , , , , , , , 
Wilfred Gabriel De Glehn,artist, , , , , , , , , 
Wilhelm Lehmbruck,artist, , , , , , , , , 
Willem Wissing,artist, , , , , , , , , 
Willi Baumeister,artist, , , , , , , , , 
Willi Soukop,artist, , , , , , , , , 
William A. Wilson,attributed to, , , , , , , , , 
William Alfred Delamotte,artist, , , , , , , , , 
William Artaud,artist, , , , , , , , , 
William Baziotes,artist, , , , , , , , , 
William Behnes,artist, , , , , , , , , 
William Bennett,artist, , , , , , , , , 
William Brooker,artist, , , , , , , , , 
William Calder Marshall,artist, , , , , , , , , 
William Carter,artist, , , , , , , , , 
William Chappell,artist, , , , , , , , , 
William Charles Thomas Dobson,artist, , , , , , , , , 
William Chase,artist, , , , , , , , , 
William Cook,attributed to, , , , , , , , , 
William Crozier,artist, , , , , , , , , 
William Davis,artist, , , , , , , , , 
William Doughty,attributed to, , , , , , , , , 
William Edward Dighton,artist, , , , , , , , , 
William Edwards Millner,artist, , , , , , , , , 
William Finden,artist, , , , , , , , , 
William Fleetwood Varley,artist, , , , , , , , , 
William Foster,artist, , , , , , , , , 
William Frederick Yeames,artist, , , , , , , , , 
William Gale,artist, , , , , , , , , 
William George Jennings,artist, , , , , , , , , 
William Gow Ferguson,artist, , , , , , , , , 
William Graveney,artist, , , , , , , , , 
William Green,artist, , , , , , , , , 
William Hatherell,artist, , , , , , , , , 
William Henry Brooke,artist, , , , , , , , , 
William Henry Pyne,artist, , , , , , , , , 
William Hoare,artist, , , , , , , , , 
William Hodges,artist, , , , , , , , , 
William Huggins,artist, , , , , , , , , 
William James Laidlay,artist, , , , , , , , , 
William Joy,artist, , , , , , , , , 
William Linton,artist, , , , , , , , , 
William Locke,artist, , , , , , , , , 
William Logsdail,artist, , , , , , , , , 
William Maw Egley,artist, , , , , , , , , 
William McMillan,artist, , , , , , , , , 
William N. Copley,artist, , , , , , , , , 
William P. Sherlock,artist, , , , , , , , , 
William Shakespeare Burton,artist, , , , , , , , , 
William Shayer,artist, , , , , , , , , 
William Small,artist, , , , , , , , , 
William Stott of Oldham,artist, , , , , , , , , 
William Tomkins,artist, , , , , , , , , 
William Walmsley,artist, , , , , , , , , 
William Williams,artist, , , , , , , , , 
William York Macgregor,artist, , , , , , , , , 
William Young Ottley,artist, , , , , , , , , 
Winifred Turner,artist, , , , , , , , , 
Wojciech Krzywoblocki,artist, , , , , , , , , 
Wolfgang Paalen,artist, , , , , , , , , 
Wou-ki Zao,artist, , , , , , , , , 
Yael Bartana,artist, , , , , , , , , 
Yayoi Kusama,artist, , , , , , , , , 
Yoko Ono,artist, , , , , , , , , 
Yto Barrada,artist, , , , , , , , , 
Yutaka Sone,artist, , , , , , , , , 
Yves Klein,artist, , , , , , , , , 
Zarina Bhimji,artist, , , , , , , , , 
Zbigniew Libera,artist, , , , , , , , , 
Zebedee Jones,artist, , , , , , , , , 
Zhen Chen,artist, , , , , , , , , 
Zhen Xu,artist, , , , , , , , , 
born 1939; David Bainbridge Art & Language (Terry Atkinson,artist, , , , , , , , , 
born 1963; John Burgess; Keith Coventry City Racing (Matt Hale; Paul Noble,artist, , , , , , , , , 
le Potre,artist, , , , , , , , , 
Óscar Muñoz,artist, , , , , , , , , 
